port_id,port_name,un_locode,country,region,cppi_rank,cppi_score,berth_efficiency_ratio,annual_call_sample
1,Aarhus,DKAAR,Denmark,North Europe,33,86.6347020135198,0.856895775228711,292.0
2,Abidjan,CIABJ,Côte d’Ivoire,West Africa,381,-127.47267345566,0.595764402356147,407.0
3,Acajutla,SVAQJ,El Salvador,Caribbean & Central America,393,-207.620361443919,0.479969162027415,71.0
4,Adelaide,AUADL,Australia,Australasia & Oceania,297,-18.2148188135319,0.833063884222304,213.0
5,Aden,YEADE,Yemen,Red Sea,,,,
6,Agadir,MAAGA,Morocco,Mediterranean,279,-14.0931366072699,0.764432611687697,118.0
7,Ajman,AEAJM,United Arab Emirates,Arabian Gulf,217,-1.1682024998535,0.635352020333564,34.0
8,Alexandria,EGALY,Egypt,Mediterranean,299,-18.6314834599196,0.509243812366641,665.0
9,Algeciras,ESALG,Spain,Mediterranean,12,121.908024280504,0.769599988174077,1904.0
10,Algiers,DZALG,Algeria,Mediterranean,379,-118.323782921785,0.630560182371778,34.0
11,Alicante,ESALC,Spain,Mediterranean,237,-4.05879763127342,0.896333718451967,58.0
12,Altamira,MXATM,Mexico,North America East Coast,70,44.7027794615637,0.718792930238445,587.0
13,Ambarli,TRAMR,Türkiye,Mediterranean,93,25.6878699736116,0.573982526668551,856.0
14,Ancona,ITAOI,Italy,Mediterranean,230,-3.2679117812523,0.539168319637291,90.0
15,Annaba,DZAAE,Algeria,Mediterranean,270,-11.6500583772254,0.574709504996514,41.0
16,Antofagasta,CLANF,Chile,South America West Coast,209,-0.770918929684071,0.733706241798444,58.0
17,Antwerp,BEANR,Belgium,North Europe,306,-21.1595451883015,0.611521438329881,3684.0
18,Apra Harbor,GUAPR,Guam,Australasia & Oceania,210,-0.777093282829873,0.915111167165147,41.0
19,Aqaba,JOAQB,Jordan,Red Sea,41,77.1426622887597,0.84150552853096,198.0
20,Arica,CLARI,Chile,South America West Coast,235,-3.90970318927582,0.75854236244345,144.0
21,Arrecife De Lanzarote,ESACE,Canary Islands,Atlantic Islands,158,7.2398233505679,0.763138415988157,39.0
22,Ashdod,ILASH,Israel,Mediterranean,309,-22.0814987918539,0.82656060168653,387.0
23,Auckland,NZAKL,New Zealand,Australasia & Oceania,204,0.403118760551006,0.809849661608409,348.0
24,Augusta,ITAUG,Italy,Mediterranean,312,-22.5834550584745,0.801390230860874,33.0
25,Bacolod,PHBCD,Philippines,South East Asia,280,-14.5156645038781,0.912981568966664,29.0
26,Balboa,PABLB,Panama,Caribbean & Central America,326,-31.2046451796338,0.639268583449877,960.0
27,Baltimore,USBAL,United States,North America East Coast,79,34.598776508974,0.733145532806031,507.0
28,Bangkok,THBKK,Thailand,South East Asia,207,-0.431898415944412,0.646645674721645,410.0
29,Banjul,GMBJL,The Gambia,West Africa,337,-39.2769981386395,0.838864894097775,36.0
30,Bar,MEBAR,Montenegro,Mediterranean,153,7.89272773483801,0.874277988157711,100.0
31,Barcelona,ESBCN,Spain,Mediterranean,34,86.0354944140418,0.746022392151863,736.0
32,Bari,ITBRI,Italy,Mediterranean,252,-6.53536125109998,0.827718643049428,44.0
33,Barranquilla,COBAQ,Colombia,Caribbean & Central America,187,3.28611008078773,0.90318519451089,88.0
34,Basseterre,KNBAS,Saint Kitts and Nevis,Caribbean & Central America,156,7.39252500207048,0.590053069083736,45.0
35,Bata,GQBSG,Equatorial Guinea,West Africa,293,-17.1184778677375,0.904782592954636,32.0
36,Batangas,PHBTG,Philippines,South East Asia,109,20.0259179571038,0.692914879127384,259.0
37,Batumi,GEBUS,Georgia,Mediterranean,246,-5.90449779952088,0.87359591122633,91.0
38,Beira,MZBEW,Mozambique,Southern Africa,315,-24.1055789599485,0.955370234002336,147.0
39,Beirut,LBBEY,Lebanon,Mediterranean,226,-2.65629120404386,0.73284616082362,557.0
40,Bejaia,DZBJA,Algeria,Mediterranean,388,-165.630594378727,0.517207413948641,51.0
41,Belawan,IDBLW,Indonesia,South East Asia,263,-10.2634599535228,0.763124626313603,149.0
42,Belfast,GBBEL,United Kingdom,North Europe,206,-0.25989470483649,0.702253809706749,28.0
43,Bell Bay,AUBEL,Australia,Australasia & Oceania,171,5.20684654235866,0.911105928538806,41.0
44,Berbera,SOBBO,Somalia,East Africa,,,,
45,Big Creek,BZBGK,Belize,Caribbean & Central America,248,-6.23530126435973,0.83217061571659,26.0
46,Bilbao,ESBIO,Spain,North Europe,385,-149.515526936345,0.902539506259654,235.0
47,Bintulu,MYBTU,Malaysia,South East Asia,,,,
48,Bluff,NZBLU,New Zealand,Australasia & Oceania,219,-1.71052664152007,0.939838277494905,42.0
49,Bordeaux,FRBOD,France,North Europe,213,-0.925087613165358,0.921539758810381,28.0
50,Borusan,TRBRU,Türkiye,Mediterranean,131,12.9453979353677,0.856982713802963,74.0
51,Boston,USBOS,United States,North America East Coast,55,61.0267979055194,0.864598640649408,182.0
52,Bremerhaven,DEBRV,Germany,North Europe,264,-10.4064662785792,0.704965398931042,1070.0
53,Brest,FRBES,France,North Europe,228,-2.86325038348515,0.906440754400941,26.0
54,Bridgetown,BBBGI,Barbados,Caribbean & Central America,175,4.69839008892929,0.828376248029427,63.0
55,Brisbane,AUBNE,Australia,Australasia & Oceania,301,-19.8830775078633,0.873904364222741,723.0
56,Bristol,GBBRS,United Kingdom,North Europe,327,-31.342626546791,0.954056910496287,44.0
57,Buenaventura,COBUN,Colombia,South America West Coast,77,36.2267652154373,0.783103740117491,663.0
58,Buenos Aires,ARBUE,Argentina,South America East Coast,389,-170.953962883655,0.746644925055426,336.0
59,Burgas,BGBOJ,Bulgaria,Mediterranean,152,8.16362936930869,0.703182770454088,122.0
60,Busan,KRPUS,Republic of Korea,North Asia,24,96.7995278101826,0.882525039370431,3906.0
61,Cadiz,ESCAD,Spain,North Europe,194,2.68019394103062,0.71446464357286,76.0
62,Cagayan De Oro,PHCGY,Philippines,South East Asia,172,5.17743867857388,0.653843994275855,272.0
63,Cai Mep,VNTOT,Viet Nam,South East Asia,11,122.096758516763,0.795926322095198,1291.0
64,Caldera,CRCAL,Costa Rica,Caribbean & Central America,362,-69.2927615803882,0.442771840269721,138.0
65,Callao,PECLL,Peru,South America West Coast,47,67.6642286328573,0.780644719093286,840.0
66,Cape Town,ZACPT,South Africa,Southern Africa,400,-302.583414582789,0.558216547266767,239.0
67,Cartagena,COCTG,Colombia,Caribbean & Central America,42,75.3509140961235,0.786828074300527,1915.0
68,Casablanca,MACAS,Morocco,Mediterranean,365,-74.239875147347,0.579277277831577,283.0
69,Castellón de la Plana,ESCAS,Spain,Mediterranean,168,5.61357645034678,0.720145442660457,52.0
70,Castries,LCCAS,Saint Lucia,Caribbean & Central America,,,,
71,Cát Lái,VNCLI,Viet Nam,South East Asia,116,17.1138236964121,0.658992996678982,1055.0
72,Caucedo,DOCAU,Dominican Republic,Caribbean & Central America,266,-11.1209560510046,0.75905867487957,609.0
73,Cebu,PHCEB,Philippines,South East Asia,129,13.3925666337991,0.879927602705707,265.0
74,Chancay,PECHY,Peru,South America West Coast,73,40.5860790389335,0.810925421713141,33.0
75,Charleston,USCHS,United States,North America East Coast,90,27.8942597241782,0.646280820091148,1122.0
76,Chattogram,BDCGP,Bangladesh,Indian Subcontinent,364,-73.8600864058423,0.49891382587455,473.0
77,Chennai,INMAA,India,Indian Subcontinent,123,14.7404535713311,0.908246921550205,114.0
78,Chiwan,CNCWN,China,Southeast Asian Seas,5,134.224889698908,0.875168946270955,692.0
79,Chu Lai,VNC8Q,Viet Nam,South East Asia,124,14.5589560219745,0.817287058305277,99.0
80,Cochin,INCOK,India,Indian Subcontinent,107,21.7762890160419,0.662514845753865,39.0
81,Coega (Ngqura) Port,ZAZBA,South Africa,Southern Africa,380,-119.035431014402,0.884471698014029,279.0
82,Colombo,LKCMB,Sri Lanka,Indian Subcontinent,95,25.493665805568,0.608079067501687,1985.0
83,Colon,PAONX,Panama,Caribbean & Central America,341,-42.605839710009,0.663859546984445,1215.0
84,Conakry,GNCKY,Guinea,West Africa,399,-275.890658283315,0.371296258667301,166.0
85,Constantza,ROCND,Romania,Mediterranean,272,-12.3319123087067,0.578354369139643,261.0
86,Copenhagen,DKCPH,Denmark,North Europe,234,-3.90029171508216,0.891214872978292,82.0
87,Corinto,NICIO,Nicaragua,Caribbean & Central America,342,-43.1249889285403,0.474988078771769,129.0
88,Coronel,CLCNL,Chile,South America West Coast,26,95.246157925836,0.885224424540007,128.0
89,Cotonou,BJCOO,Benin,West Africa,324,-28.9783745666926,0.455440833122223,358.0
90,Cristobal,PACTB,Panama,Caribbean & Central America,346,-48.4616364143068,0.685273830061982,601.0
91,Da Chan Bay Terminal One,CNDCB,China,Southeast Asian Seas,60,58.5598933114232,0.774365714836967,199.0
92,Da Nang,VNDAD,Viet Nam,South East Asia,128,13.5008928992862,0.444568381104354,181.0
93,Dakar,SNDKR,Senegal,West Africa,144,10.0240683445751,0.831447973948849,490.0
94,Dalian,CNDAG,China,Yellow Sea,2,141.314082939541,0.709747548428535,848.0
95,Damietta,EGDAM,Egypt,Mediterranean,105,22.7520974738749,0.794461004068747,497.0
96,Dammam,SADMM,Saudi Arabia,Arabian Gulf,294,-17.1916300255425,0.765396308069934,410.0
97,Dar Es Salaam,TZDAR,Tanzania,East Africa,255,-7.75121704729831,0.983193806084482,194.0
98,Davao,PHDVO,Philippines,South East Asia,244,-5.53328638763068,0.827367564503447,326.0
99,Derince,TRDRC,Türkiye,Mediterranean,72,43.079549031689,0.880327644960244,155.0
100,Diliskelesi,TRDIL,Türkiye,Mediterranean,100,24.1437087453927,0.777370124367469,330.0
101,Djibouti,DJJIB,Djibouti,Red Sea,53,62.587570779659,0.703201510850758,140.0
102,Douala,CMDLA,Cameroon,West Africa,370,-77.2828994291024,0.429518761921636,229.0
103,Dublin,IEDUB,Ireland,North Europe,282,-14.5997411027306,0.81455376465949,180.0
104,Dunkirk,FRDKK,France,North Europe,227,-2.86156588033889,0.872951490509582,307.0
105,Durban,ZADUR,South Africa,Southern Africa,398,-241.66567712717,0.758849084680317,453.0
106,Durres,ALDRZ,Albania,Mediterranean,323,-28.6069737543098,0.605881493969826,94.0
107,El Dekheila,EGEDK,Egypt,Mediterranean,179,4.13382617853684,0.541684762962366,127.0
108,El Sokhna,EGSOK,Egypt,Red Sea,115,17.1459245534325,0.818793641418596,59.0
109,Ensenada,MXESE,Mexico,North America West Coast,62,55.8553000860765,0.819302681799217,128.0
110,Felixstowe,GBFXT,United Kingdom,North Europe,261,-9.48698103970907,0.849659858664741,654.0
111,Ferrol,ESFRO,Spain,North Europe,378,-116.598115065572,0.809247625377903,68.0
112,Fort De France,MQFDF,Martinique,Caribbean & Central America,96,25.1667262325717,0.679876462938882,205.0
113,Fortaleza,BRFOR,Brazil,South America East Coast,307,-21.3602177432251,0.933577988853128,37.0
114,Fredericia,DKFRC,Denmark,North Europe,143,10.1158119420877,0.860314237317582,85.0
115,Freeport,BSFPO,"Bahamas, The",Caribbean & Central America,274,-12.5154230010452,0.415969167855724,35.0
116,Freetown,SLFNA,Sierra Leone,West Africa,330,-35.248228826123,0.793120807898108,143.0
117,Fremantle,AUFRE,Australia,Australasia & Oceania,366,-74.4277489445005,0.805745089116662,237.0
118,Fuzhou,CNFZG,China,East China Sea,1,144.638475710513,0.785944482474829,66.0
119,Gävle,SEGVX,Sweden,North Europe,145,9.98148155266318,0.829165799595889,120.0
120,Gdansk,PLGDN,Poland,North Europe,339,-42.269466266475,0.804886265804452,529.0
121,Gdynia,PLGDY,Poland,North Europe,185,3.4833622263302,0.800402152442721,412.0
122,Gemlik,TRGEM,Türkiye,Mediterranean,99,24.5592623650973,0.842981836931874,702.0
123,General San Martin,PEGSM,Peru,South America West Coast,160,7.08111743034254,0.849362096961262,56.0
124,General Santos,PHGES,Philippines,South East Asia,292,-16.8818283017844,0.827944505476214,73.0
125,Genova,ITGOA,Italy,Mediterranean,392,-205.320165192008,0.62454704384973,663.0
126,Georgetown,GYGEO,Guyana,Caribbean & Central America,313,-23.3993164718128,0.612819056948062,107.0
127,Gijon,ESGIJ,Spain,North Europe,178,4.17837735387328,0.90191327893968,78.0
128,Gioia Tauro,ITGIT,Italy,Mediterranean,,,,
129,Göteborg,SEGOT,Sweden,North Europe,67,48.177231159744,0.671436861705773,294.0
130,Grangemouth,GBGRG,United Kingdom,North Europe,258,-8.6789984078895,0.729946070245558,69.0
131,Greenock,GBGRK,United Kingdom,North Europe,250,-6.42491117588803,0.82449595920633,95.0
132,Guangzhou Port,CNGZG,China,Southeast Asian Seas,36,82.3005333928513,0.542246303723609,2212.0
133,Guayaquil,ECGYE,Ecuador,South America West Coast,371,-77.9655038255719,0.88196288506455,558.0
134,Gustavia,BLSBH,Saint Barthélemy,Caribbean & Central America,159,7.1263622572466,0.483151625853835,101.0
135,Haifa,ILHFA,Israel,Mediterranean,154,7.84400859425015,0.81250229785607,578.0
136,Haiphong,VNHPH,Viet Nam,South East Asia,13,121.604373411504,0.864410840546148,1016.0
137,Hakata,JPHKT,Japan,North Asia,106,22.2762935009312,0.63329330531372,272.0
138,Halifax,CAHAL,Canada,North America East Coast,29,92.4117117876212,0.843277433609391,254.0
139,Halmstad,SEHAD,Sweden,North Europe,,,,
140,Hamad Port,QAHMD,Qatar,Arabian Gulf,8,128.673853683367,0.808400107396834,212.0
141,Hamburg,DEHAM,Germany,North Europe,239,-4.5756234363094,0.686289193953438,1972.0
142,Hazira,INHZA,India,Indian Subcontinent,68,47.9880236820392,0.853891853221697,181.0
143,Helsingborg,SEHEL,Sweden,North Europe,197,2.63644748051547,0.777979876028678,133.0
144,Helsinki,FIHEL,Finland,North Europe,196,2.66014498646776,0.887009256303862,149.0
145,Heraklion,GRHER,Greece,Mediterranean,,,,
146,Hibikinada,JPHBK,Japan,North Asia,146,9.20011704089976,0.534328804935233,48.0
147,Hong Kong,HKHKG,"Hong Kong SAR, China",Southeast Asian Seas,9,122.795983636734,0.790293321939218,3029.0
148,Honolulu,USHNL,United States,North America West Coast,221,-1.91267952000858,0.964492416881416,49.0
149,Houston,USHOU,United States,North America East Coast,334,-38.8583280067894,0.783297989142332,586.0
150,Huelva,ESHUV,Spain,North Europe,296,-17.650010657837,0.702688329662987,46.0
151,Hueneme,USNTD,United States,North America West Coast,247,-6.02913727402485,0.91915842808335,47.0
152,Iloilo,PHILO,Philippines,South East Asia,138,11.4379376273471,0.818577258254981,48.0
153,Imbituba,BRIBB,Brazil,South America East Coast,89,28.6890635255805,0.873703521798168,98.0
154,Incheon,KRINC,Republic of Korea,North Asia,32,88.867177171475,0.862758423666648,316.0
155,Iquique,CLIQQ,Chile,South America West Coast,383,-131.979593550111,0.753612298024905,222.0
156,Iskenderun,TRISK,Türkiye,Mediterranean,50,65.1519653914845,0.741629408581531,203.0
157,Itajai,BRITJ,Brazil,South America East Coast,157,7.32538556359638,0.530780601508207,389.0
158,Itapoa,BRIOA,Brazil,South America East Coast,39,80.5354741543018,0.87020554519912,631.0
159,Izmir,TRIZM,Türkiye,Mediterranean,119,16.1460933041812,0.895391245993339,186.0
160,Jacksonville,USJAX,United States,North America East Coast,52,63.1580504883013,0.881172761023242,193.0
161,Jawaharlal Nehru Port,INNSA,India,Indian Subcontinent,22,98.4164719600522,0.750182627174924,1307.0
162,Jebel Ali,AEJEA,United Arab Emirates,Arabian Gulf,45,68.1818594174587,0.674504202024008,2107.0
163,Jeddah,SAJED,Saudi Arabia,Red Sea,25,95.7806017449783,0.846569988006445,501.0
164,Jubail,SAJUB,Saudi Arabia,Arabian Gulf,65,51.3124244655978,0.719129116839803,241.0
165,Kalundborg,DKKAL,Denmark,North Europe,,,,
166,Kamarajar,INENR,India,Indian Subcontinent,85,31.4270857460452,0.869271171156919,75.0
167,Kâmpóng Saôm,KHKOS,Cambodia,South East Asia,155,7.44368526473789,0.692367926810607,377.0
168,Kandla,INIXY,India,Indian Subcontinent,82,32.650643828148,0.77817304732638,65.0
169,Kaohsiung,TWKHH,"Taiwan, China",Southeast Asian Seas,17,114.467169947865,0.681560732996431,2501.0
170,Karachi,PKKHI,Pakistan,Indian Subcontinent,69,45.6549897043222,0.839057260806889,441.0
171,Kattupalli,INKTP,India,Indian Subcontinent,71,44.6936503147593,0.854565258425158,128.0
172,Kawasaki,JPKWS,Japan,North Asia,122,15.2473624148029,0.668645194771496,36.0
173,Keelung,TWKEL,"Taiwan, China",Southeast Asian Seas,27,92.9781826986775,0.85858443575144,716.0
174,Khalifa Bin Salman Port,BHKBS,Bahrain,Arabian Gulf,19,105.956393348785,0.710263176042306,174.0
175,Khalifa Port,AEKHL,United Arab Emirates,Arabian Gulf,64,52.8491277491875,0.649332489977302,742.0
176,Khoms,LYKHO,Libya,Mediterranean,308,-21.7003153122813,0.834443903527455,97.0
177,King Abdullah Port,SAKAC,Saudi Arabia,Red Sea,,,,
178,Kingston,JMKIN,Jamaica,Caribbean & Central America,359,-64.177898436801,0.592590359969874,1052.0
179,Klaipeda,LTKLJ,Lithuania,North Europe,118,16.29970078791,0.789833749833082,244.0
180,Kobe,JPUKB,Japan,North Asia,10,122.532720248916,0.836862593655996,1160.0
181,Koper,SIKOP,Slovenia,Mediterranean,355,-58.5871318795425,0.498658718445172,486.0
182,Kota Kinabalu,MYBKI,Malaysia,South East Asia,271,-12.1926568882467,0.769489896948287,32.0
183,Kotka,FIKTK,Finland,North Europe,241,-5.08423870281565,0.94964198064823,117.0
184,Kribi Deep Sea Port,CMKBI,Cameroon,West Africa,395,-216.521694403032,0.473380846937668,183.0
185,Krishnapatnam,INKRI,India,Indian Subcontinent,,,,
186,Kristiansand,NOKRS,Norway,North Europe,202,0.662205829137387,0.8492492752369,31.0
187,Kuantan,MYKUA,Malaysia,South East Asia,177,4.36165649765219,0.818471674182638,70.0
188,Kuching,MYKCH,Malaysia,South East Asia,164,5.91047912151525,0.653876166751703,41.0
189,La Guaira,VELAG,"Venezuela, RB **",Caribbean & Central America,329,-34.2800824389781,0.841456985661402,174.0
190,La Spezia,ITSPE,Italy,Mediterranean,386,-149.882016216678,0.595996019293585,252.0
191,Lae,PGLAE,Papua New Guinea,Australasia & Oceania,284,-14.8107776693795,0.532883733477205,66.0
192,Laem Chabang,THLCH,Thailand,South East Asia,58,59.1095921958493,0.828991572411972,1591.0
193,Lagos,NGLOS,Nigeria,West Africa,320,-26.398588095212,0.895959828803701,222.0
194,Lamu,KELAU,Kenya,East Africa,345,-47.0518786620973,0.92494099743355,34.0
195,Larvik,NOLAR,Norway,North Europe,188,3.12899355199862,0.83630557249991,42.0
196,Las Palmas,ESLPA,Canary Islands,Atlantic Islands,139,11.2695071667251,0.833638931280323,180.0
197,Latakia,SYLTK,Syrian Arab Republic,Mediterranean,215,-1.12568156650618,0.822457299257428,124.0
198,Lazaro Cardenas,MXLZC,Mexico,North America West Coast,108,20.6289681931962,0.68612644609507,797.0
199,Le Havre,FRLEH,France,North Europe,328,-32.8773496492969,0.720615380131087,924.0
200,Le Port,RELPT,Réunion,East Africa,316,-24.1733372562298,0.917514558136558,260.0
201,Leixões,PTLEI,Portugal,North Europe,331,-35.9483828383067,0.659121683035934,174.0
202,Lekki,NGLKK,Nigeria,West Africa,353,-57.0417895053365,0.956736116472099,117.0
203,Lianyungang,CNLYG,China,East China Sea,63,55.4200305530039,0.76213069695988,194.0
204,Limassol,CYLMS,Cyprus,Mediterranean,192,2.78911929447125,0.7330171376059,123.0
205,Lirquen,CLLQN,Chile,South America West Coast,,,,
206,Lisbon,PTLIS,Portugal,North Europe,298,-18.4303166834845,0.81200126725145,116.0
207,Liverpool,GBLIV,United Kingdom,North Europe,147,8.84566996674271,0.821280392376736,165.0
208,Livorno,ITLIV,Italy,Mediterranean,344,-46.9030997294418,0.751499803859954,342.0
209,Lobito,AOLOB,Angola,West Africa,256,-7.91629271616563,0.929920300766302,24.0
210,Lome,TGLFW,Togo,West Africa,347,-48.9168022409127,0.560680697267425,223.0
211,London,GBLON,United Kingdom,North Europe,132,12.7273412508457,0.707505727103892,1299.0
212,Long Beach,USLGB,United States,North America West Coast,305,-20.631571947907,0.927985892187571,335.0
213,Longoni,YTLON,Mayotte,East Africa,367,-75.4368413837387,0.737748729121278,53.0
214,Los Angeles,USLAX,United States,North America West Coast,88,29.1000009557747,0.968313424809346,867.0
215,Luanda,AOLAD,Angola,West Africa,390,-181.364732266224,0.617717482481265,328.0
216,Lyttelton,NZLYT,New Zealand,Australasia & Oceania,254,-7.35991555911744,0.705180143473211,213.0
217,Malabo,GQSSG,Equatorial Guinea,West Africa,222,-1.94786527625736,0.878316568792759,31.0
218,Malaga,ESAGP,Spain,Mediterranean,140,11.0903217070618,0.809559166610088,308.0
219,Manaus,BRMAO,Brazil,South America East Coast,267,-11.2017720700808,0.959793503452881,143.0
220,Manila,PHMNL,Philippines,South East Asia,350,-54.0328150678348,0.44923572308396,992.0
221,Manzanillo,MXZLO,Mexico,North America West Coast,262,-9.49575930326805,0.742771617664504,865.0
222,Maputo,MZMPM,Mozambique,Southern Africa,273,-12.3404888731738,0.676933610020073,93.0
223,Mariel,CUMAR,Cuba,Caribbean & Central America,214,-0.951507930695384,0.960153734707019,41.0
224,Marsaxlokk,MTMAR,Malta,Mediterranean,173,5.16095473587772,0.564342329042309,1239.0
225,Marseille,FRMRS,France,Mediterranean,354,-57.3474926848027,0.905636972403987,460.0
226,Matadi,CDMAT,"Congo, Democratic Republic of",West Africa,285,-15.0643272534357,0.735541660926014,125.0
227,Mawan,CNMWN,China,East China Sea,4,134.849359559556,0.876077483577227,894.0
228,Mazatlan,MXMZT,Mexico,North America West Coast,288,-15.8247294387307,0.901884147140998,53.0
229,Mejillones (Puerto Angamos),CLPAG,Chile,South America West Coast,325,-30.4781573713607,0.820864479121971,130.0
230,Melbourne,AUMEL,Australia,Australasia & Oceania,182,3.91809506043609,0.916767088444144,641.0
231,Mersin,TRMER,Türkiye,Mediterranean,111,19.1551599631893,0.658399834518198,763.0
232,Miami,USMIA,United States,North America East Coast,75,38.7696513216568,0.846991260091019,410.0
233,Mobile,USMOB,United States,North America East Coast,81,32.6795056695612,0.71052203979517,313.0
234,Mogadishu,SOMGQ,Somalia,East Africa,127,13.9427511920796,0.873972602739726,105.0
235,Moji,JPMOJ,Japan,North Asia,133,12.3493003848916,0.686742047962238,220.0
236,Mombasa,KEMBA,Kenya,East Africa,396,-231.486343246305,0.486086642783024,379.0
237,Mongla,BDMGL,Bangladesh,Indian Subcontinent,,,,
238,Monrovia,LRMLW,Liberia,West Africa,360,-64.3312427619256,0.540384235115297,81.0
239,Montevideo,UYMVD,Uruguay,South America East Coast,311,-22.5232777414177,0.537267148725657,507.0
240,Montreal,CAMTR,Canada,North America East Coast,338,-39.7896412414912,0.971298089721582,137.0
241,Muara,BNMUA,Brunei Darussalam,South East Asia,208,-0.647056146072375,0.461505497465534,30.0
242,Muhammad Bin Qasim,PKQCT,Pakistan,Indian Subcontinent,56,60.0805275096878,0.778695622787527,371.0
243,Mundra,INMUN,India,Indian Subcontinent,30,92.3392166346266,0.766971878037381,1066.0
244,Nacala,MZMNC,Mozambique,Southern Africa,356,-59.3175909405062,0.616151663117827,85.0
245,Nagoya,JPNGO,Japan,North Asia,57,59.5846488702091,0.860736627973728,1040.0
246,Naha,JPNAH,Japan,North Asia,74,39.0877638913341,0.795003576941903,51.0
247,Namibe,AOMSZ,Angola,West Africa,,,,
248,Nantes,FRNTE,France,North Europe,198,2.42426198114663,0.828738928697793,151.0
249,Napier,NZNPE,New Zealand,Australasia & Oceania,275,-12.5334565134959,0.75844990113432,210.0
250,Napoli,ITNAP,Italy,Mediterranean,278,-13.7835871375934,0.629428392637507,52.0
251,Nassau,BSNAS,"Bahamas, The",Caribbean & Central America,220,-1.74332125893082,0.70932405132923,147.0
252,Nelson,NZNSN,New Zealand,Australasia & Oceania,236,-4.03984404200866,0.634818438345197,136.0
253,Nemrut Bay,TRNEM,Türkiye,Mediterranean,94,25.6300423342952,0.801330091839675,864.0
254,New Orleans,USMSY,United States,North America East Coast,76,38.3244420973089,0.805618823627695,347.0
255,New Priok Port,IDCTO,Indonesia,South East Asia,121,15.6626497016037,0.862781988683931,1013.0
256,New York & New Jersey,USNYC,United States,North America East Coast,117,16.3403154118094,0.808844768490621,1205.0
257,Nghi Son,VNNGH,Viet Nam,South East Asia,253,-7.31548205750365,0.908772692159135,34.0
258,Ningbo,CNNBO,China,East China Sea,7,129.585017894315,0.887717274870048,4846.0
259,Norrkoping,SENRK,Sweden,North Europe,174,4.89494504579963,0.849080184184752,78.0
260,Nouakchott,MRNKC,Mauritania,West Africa,304,-20.3803352559363,0.662589638705304,218.0
261,Noumea,NCNOU,New Caledonia,Australasia & Oceania,165,5.88396037298384,0.780935060998712,119.0
262,Novorossiysk,RUNVS,Russian Federation,Mediterranean,181,4.1129497283017,0.934419852969777,76.0
263,Oakland,USOAK,United States,North America West Coast,348,-49.1791687567827,0.872282108121457,590.0
264,Odessa,UAODS,Ukraine,Mediterranean,195,2.66144035118754,0.963697967086157,30.0
265,Oita,JPOIT,Japan,North Asia,161,6.58322987359219,0.369475357710652,42.0
266,Omaezaki,JPOMZ,Japan,North Asia,125,14.1635533853705,0.742221626178251,48.0
267,Onne,NGONN,Nigeria,West Africa,259,-8.86270126161732,0.93197644767954,148.0
268,Osaka,JPOSA,Japan,North Asia,84,31.6509146965412,0.817498665727062,509.0
269,Oslo,NOOSL,Norway,North Europe,186,3.31119915152459,0.917412609749067,49.0
270,Otago Harbour,NZORR,New Zealand,Australasia & Oceania,302,-19.8961091983311,0.739152665234163,208.0
271,Owendo,GAOWE,Gabon,West Africa,300,-19.7090632496551,0.628427737059861,120.0
272,Paita,PEPAI,Peru,South America West Coast,44,69.7983820789682,0.770949043854244,317.0
273,Palembang,IDPLM,Indonesia,South East Asia,190,3.11460653256777,0.852707705032125,48.0
274,Palermo,ITPMO,Italy,Mediterranean,,,,
275,Panjang,IDPNJ,Indonesia,South East Asia,232,-3.59804175442806,0.865805574439157,44.0
276,Papeete,PFPPT,French Polynesia,Australasia & Oceania,200,1.6866845259979,0.907305536609235,62.0
277,Paramaribo,SRPBM,Suriname,Caribbean & Central America,218,-1.63217580179421,0.841594544977708,33.0
278,Paranagua,BRPNG,Brazil,South America East Coast,373,-82.9015035867129,0.42566426947201,843.0
279,"Pasir Gudang, Johor",MYPGU,Malaysia,South East Asia,137,11.5176117654004,0.704240875553715,249.0
280,Pecem,BRPEC,Brazil,South America East Coast,352,-57.0286193855203,0.707250571066591,260.0
281,Penang,MYPEN,Malaysia,South East Asia,170,5.42581816002476,0.838301286409747,249.0
282,Philadelphia,USPHL,United States,North America East Coast,48,67.021670111289,0.752396779752346,577.0
283,Philipsburg,SXPHI,Sint Maarten,Caribbean & Central America,180,4.12615546182231,0.863559083625867,56.0
284,Pipavav,INPAV,India,Indian Subcontinent,28,92.5864979254716,0.794726809935029,238.0
285,Piraeus,GRPIR,Greece,Mediterranean,212,-0.903699585006416,0.692871971898533,1364.0
286,Ploce,HRPLE,Croatia,Mediterranean,249,-6.32379886992308,0.886147093458944,57.0
287,Point Lisas Port,TTPTS,Trinidad and Tobago,Caribbean & Central America,265,-10.561526319122,0.692255830345377,60.0
288,Pointe-A-Pitre,GPPTP,Guadeloupe,Caribbean & Central America,91,27.3615575751127,0.883214732036809,209.0
289,Pointe-Noire,CGPNR,"Congo, Republic of",West Africa,391,-191.015154349376,0.468344352265295,376.0
290,Port Akdeniz,TRAYT,Türkiye,Mediterranean,149,8.74361937161078,0.90267896234676,70.0
291,Port Botany,AUPBT,Australia,Australasia & Oceania,351,-55.9843205565978,0.838698229162872,816.0
292,Port Elizabeth,ZAPLZ,South Africa,Southern Africa,314,-23.4567392489805,0.739601510901018,83.0
293,Port Everglades,USPEF,United States,North America East Coast,83,32.591532470815,0.791310701533913,377.0
294,Port Klang,MYPKG,Malaysia,South East Asia,46,67.7954626413586,0.688701024488052,2720.0
295,Port Louis,MUPLU,Mauritius,East Africa,369,-76.8271648212976,0.811403051147244,485.0
296,Port Moresby,PGPOM,Papua New Guinea,Australasia & Oceania,260,-9.31211541101713,0.490484035459324,57.0
297,Port Of Spain,TTPOS,Trinidad and Tobago,Caribbean & Central America,332,-37.7058498830759,0.547395641077545,154.0
298,Port Of Virginia,USNFF,United States,North America East Coast,281,-14.5898278070176,0.498470531242309,1324.0
299,Port Said,EGPSD,Egypt,Mediterranean,15,117.044558199203,0.850008913735722,1021.0
300,Port Victoria,SCPOV,Seychelles,East Africa,287,-15.8184883746286,0.770652083851189,79.0
301,Posorja,ECPSJ,Ecuador,South America West Coast,20,104.000159514422,0.890579666383971,363.0
302,Poti,GEPTI,Georgia,Mediterranean,357,-61.3119131821223,0.404634118024367,103.0
303,Pozzallo,ITPZL,Italy,Mediterranean,199,2.29626779308871,0.583129439621152,25.0
304,Prince Rupert,CAPRR,Canada,North America West Coast,322,-28.1140961273121,0.930152923805213,123.0
305,Progreso,MXPGO,Mexico,North America East Coast,169,5.54915316168837,0.604600274155212,67.0
306,Puerto Barrios,GTPBR,Guatemala,Caribbean & Central America,151,8.4990933280195,0.895578366408601,227.0
307,Puerto Bolivar,ECPBO,Ecuador,South America West Coast,142,10.3562228081382,0.873754664658153,59.0
308,Puerto Cabello,VEPBL,"Venezuela, RB **",Caribbean & Central America,290,-16.6594909996806,0.899390381259505,173.0
309,Puerto Cortes,HNPCR,Honduras,Caribbean & Central America,343,-43.3502894667497,0.494085753920769,409.0
310,Puerto Limón,CRLIO,Costa Rica,Caribbean & Central America,150,8.59629469383102,0.671629688508586,407.0
311,Puerto Quetzal,GTPRQ,Guatemala,Caribbean & Central America,363,-73.5255442217329,0.588078767117442,339.0
312,Pyeong Taek,KRPTK,Republic of Korea,North Asia,148,8.7901018903949,0.62417768299947,114.0
313,Qasr Ahmed,LYMRA,Libya,Mediterranean,286,-15.5589362724261,0.873792366482583,143.0
314,Qingdao,CNQIN,China,Yellow Sea,101,23.9695369565559,0.44406840749329,3109.0
315,Qinzhou,CNQZH,China,Southeast Asian Seas,387,-150.780956959916,0.665158919055543,93.0
316,Quanzhou,CNQZL,China,Southeast Asian Seas,78,35.2371414112219,0.784955656304752,86.0
317,Quy Nhon,VNUIH,Viet Nam,South East Asia,136,11.9700906512519,0.601530144990963,141.0
318,Rades,TNRDS,Tunisia,Mediterranean,238,-4.28130260412954,0.823727968734809,143.0
319,Rauma,FIRAU,Finland,North Europe,189,3.11597680738052,0.906354444659589,97.0
320,Ravenna,ITRAN,Italy,Mediterranean,203,0.631641026758193,0.767013291095655,66.0
321,Riga,LVRIX,Latvia,North Europe,193,2.77498491003608,0.787001425956295,176.0
322,Rijeka,HRRJK,Croatia,Mediterranean,397,-238.88459946439,0.494930170136025,223.0
323,Rio De Janeiro,BRRIO,Brazil,South America East Coast,336,-39.1440334578731,0.649667462701898,354.0
324,Rio Grande,BRRIG,Brazil,South America East Coast,277,-13.3624129788363,0.55991820901964,275.0
325,Rio Haina,DOHAI,Dominican Republic,Caribbean & Central America,163,6.10486266132862,0.880046501402867,129.0
326,Rizhao,CNRZH,China,Yellow Sea,126,14.1541554803132,0.813424565123115,66.0
327,Rosario,ARROS,Argentina,South America East Coast,251,-6.44658581322371,0.869478640160292,66.0
328,Rotterdam,NLRTM,Netherlands,North Europe,333,-38.2854488617235,0.651343481621791,2213.0
329,Sagunto,ESSAG,Spain,Mediterranean,245,-5.57823398135897,0.85052301952162,40.0
330,Saigon,VNSGN,Viet Nam,South East Asia,110,19.4843197898917,0.782856512554162,289.0
331,Saint John,CASJB,Canada,North America East Coast,268,-11.2247636216455,0.770413191158096,191.0
332,Salalah,OMSLL,Oman,Arabian Gulf,3,135.871294089257,0.676301868956552,1089.0
333,Salerno,ITSAL,Italy,Mediterranean,289,-16.2147956549652,0.661856087257957,256.0
334,Salvador,BRSSA,Brazil,South America East Coast,103,23.2443652672951,0.783094287934463,144.0
335,Samsun,TRSSX,Türkiye,Mediterranean,283,-14.7292250999536,0.917248255234297,31.0
336,San Antonio,CLSAI,Chile,South America West Coast,335,-39.0913498094117,0.842631201481941,410.0
337,San Juan,PRSJU,Puerto Rico,Caribbean & Central America,135,12.0586479788411,0.886408289154511,182.0
338,San Pedro,CISPY,Côte d’Ivoire,West Africa,211,-0.896304724939891,0.74365784512867,71.0
339,San Vicente,CLSVE,Chile,South America West Coast,340,-42.5023165281021,0.870365111415417,182.0
340,Santa Cruz De Tenerife,ESSCT,Canary Islands,Atlantic Islands,86,30.1802363847026,0.907894227525838,258.0
341,Santa Marta,COSMR,Colombia,Caribbean & Central America,141,10.761179886666,0.855229366881811,225.0
342,Santo Tomas De Castilla,GTSTC,Guatemala,Caribbean & Central America,361,-65.6476714373266,0.782372945626616,185.0
343,Santos,BRSSZ,Brazil,South America East Coast,358,-63.6100833947857,0.526657789373157,1361.0
344,Savannah,USSAV,United States,North America East Coast,377,-95.2762149720673,0.472667806750147,1543.0
345,Savona-Vado,ITSVN,Italy,Mediterranean,51,64.1156963256902,0.762077020774744,177.0
346,Seattle,USSEA,United States,North America West Coast,310,-22.4377546487016,0.957393581240723,97.0
347,Semarang,IDSRG,Indonesia,South East Asia,205,-0.0482174965303197,0.473284737283647,284.0
348,Sepetiba,BRSPB,Brazil,South America East Coast,349,-53.8821301858608,0.695189815520659,123.0
349,Setubal,PTSET,Portugal,North Europe,303,-19.9050710766857,0.84558016200203,54.0
350,Seville,ESSVQ,Spain,Mediterranean,223,-1.98134693803051,0.893472204634671,41.0
351,Shanghai*,CNSHG,China,East China Sea,23,97.5140008322515,0.549375870929304,6625.0
352,Shantou,CNSTG,China,Southeast Asian Seas,102,23.4888004600293,0.785674571776832,193.0
353,Sharjah,AESHJ,United Arab Emirates,Arabian Gulf,114,18.0298905761967,0.781980922514047,114.0
354,Shekou,CNSHK,China,Southeast Asian Seas,37,81.7690980830177,0.590992985439155,1199.0
355,Shibushi,JPSBS,Japan,North Asia,183,3.68899109838922,0.398618998451213,43.0
356,Shimizu,JPSMZ,Japan,North Asia,59,58.9934789535235,0.851522114466713,280.0
357,Shuaiba,KWSAA,Kuwait,Arabian Gulf,162,6.42486420158843,0.866325796980371,217.0
358,Shuwaikh,KWSWK,Kuwait,Arabian Gulf,120,16.1154441252718,0.941371132812148,217.0
359,Siam Seaport,THSRI,Thailand,South East Asia,112,18.7097216545494,0.897242920442175,558.0
360,Sines,PTSIE,Portugal,North Europe,,,,
361,Singapore,SGSIN,Singapore,South East Asia,21,99.9594841688471,0.856927247533981,7385.0
362,Sohar,OMSOH,Oman,Arabian Gulf,49,66.8533490424462,0.786288453296247,255.0
363,Songkhla,THSGK,Thailand,South East Asia,166,5.71199887648541,0.924531316148924,91.0
364,Southampton,GBSOU,United Kingdom,North Europe,92,25.7964243334952,0.686526070457291,764.0
365,Suape,BRSUA,Brazil,South America East Coast,394,-215.033428490778,0.635363428006018,260.0
366,Subic Bay,PHSFS,Philippines,South East Asia,191,2.84693201076109,0.67055253912488,181.0
367,Surabaya,IDSUB,Indonesia,South East Asia,130,12.9723878029755,0.712312204130057,580.0
368,Syama Prasad Mookerjee Port,INCCU,India,Indian Subcontinent,233,-3.78529084477941,0.946934504308026,32.0
369,Tacoma,USTIW,United States,North America West Coast,384,-143.366091915091,0.934602237648511,192.0
370,Taichung,TWTXG,"Taiwan, China",Southeast Asian Seas,113,18.0525436867109,0.777992532852335,422.0
371,Taipei,TWTPE,"Taiwan, China",Southeast Asian Seas,31,91.2138463813056,0.825371494891298,33.0
372,Tallinn,EETLL,Estonia,North Europe,167,5.64679381629401,0.81887230916149,200.0
373,Tampa Port,USTPA,United States,North America East Coast,229,-2.99640229206023,0.848493045842021,138.0
374,Tanger Med,MAPTM,Morocco,Mediterranean,6,134.004177054416,0.846382328788044,3473.0
375,Tanjung Pelepas,MYTPP,Malaysia,South East Asia,18,110.595102631283,0.838485293363442,3374.0
376,Tartous,SYTTS,Syrian Arab Republic,Mediterranean,201,1.0563940498313,0.788671450315286,36.0
377,Tauranga,NZTRG,New Zealand,Australasia & Oceania,295,-17.2565564702296,0.525941305595587,579.0
378,Tawau,MYTWU,Malaysia,South East Asia,,,,
379,Teesport,GBTEE,United Kingdom,North Europe,257,-8.51442084234541,0.734634207703592,205.0
380,Tema,GHTEM,Ghana,West Africa,376,-94.3604884244802,0.551324394776353,610.0
381,Thessaloniki,GRSKG,Greece,Mediterranean,243,-5.50462628584788,0.559775044850839,355.0
382,Tianjin,CNTNJ,China,Yellow Sea,16,115.224109928249,0.8126803582535,1275.0
383,Timaru,NZTIU,New Zealand,Australasia & Oceania,240,-4.73801366534282,0.738314920025784,56.0
384,Tin Can Island,NGTIN,Nigeria,West Africa,318,-25.7525503911195,0.90588731841382,87.0
385,Toamasina,MGTOA,Madagascar,Southern Africa,225,-2.1425845328119,0.5703215166475331,173.0
386,Tokyo,JPTYO,Japan,North Asia,40,77.2807456805792,0.840717852171546,1068.0
387,Townsville,AUTSV,Australia,Australasia & Oceania,291,-16.7657383789859,0.875786254975114,25.0
388,Trabzon,TRTZX,Türkiye,Mediterranean,242,-5.24826084568018,0.95987536284584,26.0
389,Trieste,ITTRS,Italy,Mediterranean,382,-130.658935404245,0.722922406052304,129.0
390,Tripoli,LBKYE,Lebanon,Mediterranean,134,12.2123341287197,0.823278327277621,128.0
391,Turbo,COTRB,Colombia,Caribbean & Central America,321,-28.0947056036792,0.970511206355752,34.0
392,Umm Qasr,IQUQR,Iraq,Arabian Gulf,374,-85.1424977130028,0.785071675061043,266.0
393,Valencia,ESVLC,Spain,Mediterranean,368,-75.8043189217455,0.486852058477208,1095.0
394,Valparaiso,CLVAP,Chile,South America West Coast,80,33.8780978621132,0.902233768442385,271.0
395,Vancouver,CAVAN,Canada,North America West Coast,375,-92.0037316610149,0.736799521522217,384.0
396,Varna,BGVAR,Bulgaria,Mediterranean,231,-3.4751874202175,0.66148177351853,107.0
397,Venice,ITVCE,Italy,Mediterranean,319,-25.9206352282212,0.706241853931603,205.0
398,Veracruz,MXVER,Mexico,North America East Coast,97,24.8639605666325,0.856294999027048,431.0
399,Vigo,ESVGO,Spain,North Europe,224,-2.13000406579999,0.759328849945387,357.0
400,Vila Do Conde,BRVDC,Brazil,South America East Coast,269,-11.2647458161178,0.697795241447426,80.0
401,Visakhapatnam,INVTZ,India,Indian Subcontinent,104,23.0486132860268,0.878084802762227,76.0
402,Vitoria,BRVIX,Brazil,South America East Coast,,,,
403,Vlissingen,NLVLI,Netherlands,North Europe,,,,
404,Walvis Bay,NAWVB,Namibia,West Africa,372,-82.0931407727307,0.547821687441222,158.0
405,Wellington,NZWLG,New Zealand,Australasia & Oceania,87,29.3785071570284,0.856886536659199,118.0
406,Wilhelmshaven,DEWVN,Germany,North Europe,216,-1.14685172233358,0.725521734138533,456.0
407,Wilmington (US-NC),USILM,United States,North America East Coast,276,-12.9760319546297,0.730828270598664,145.0
408,Xiamen,CNXAM,China,Southeast Asian Seas,14,121.258778488953,0.759694125779961,2024.0
409,Yangon,MMRGN,Myanmar,South East Asia,176,4.55677633760678,0.831231373193842,288.0
410,Yangpu,CNYPG,China,Southeast Asian Seas,38,81.1551213572996,0.784347994950966,44.0
411,Yangshan*,CNYSN,China,East China Sea,,,,
412,Yantian,CNYTN,China,Southeast Asian Seas,35,82.4110741098707,0.745078159931542,3074.0
413,Yarimca,TRYAR,Türkiye,Mediterranean,54,62.3332673403926,0.867982603003801,408.0
414,Yeosu,KRYOS,Republic of Korea,North Asia,66,50.6363890689527,0.754962953981669,578.0
415,Yokkaichi,JPYKK,Japan,North Asia,98,24.6679192920673,0.778955725761255,250.0
416,Yokohama,JPYOK,Japan,North Asia,43,70.5865576425405,0.785196033527824,1309.0
417,Zarate,ARZAE,Argentina,South America East Coast,184,3.52231482147005,0.896969191856968,98.0
418,Zeebrugge,BEZEE,Belgium,North Europe,317,-24.8342894130547,0.813499261396819,407.0
419,Zhoushan,CNZOS,China,East China Sea,61,57.0013834091741,0.397323828458088,465.0
420,* Yangshan has been incorporated into Shanghai port for CPPI 2025.,,,,,,,
421,"** Venezuela, RB classified as an upper-middle income country until FY21, has been unclassified since then due to the unavailability of data.",,,,,,,
422,"a World Bank Region: EAP = East Asia and Pacific, ECA = Europe and Central Asia, LAC = Latin America and the Caribbean, MENAAP = Middle East, North Africa, Afghanistan and Pakistan, NAM = North America, SAR = South Asia Region, SSA = Sub-Saharan Africa.",,,,,,,
423,"b World Bank Income Groups: HI = High Income, LI = Low-Income, LMI = Lower Middle-Income, UMI = Upper Middle Income.",,,,,,,
424,c The share of time at berth in per cent of total time in port used for CPPI calculation. Total time in port does not include the vessel's departure time.,,,,,,,
